chapter,entropy,length
1,3.3876047982124993,11736
2,3.4119491950608736,11271
3,3.3158511087012763,10183
4,3.3958605282306364,14085
5,3.37320585880594,12326
6,3.396119299555487,14230
7,3.355293103469662,13053
8,3.3532919128392953,13909
9,3.3887491721278256,12926
10,3.3369564878604163,11998
11,3.324184644331745,10636
12,3.3669723693556084,12013
