chapter,entropy,length
1,3.320008141023478,11421
2,3.337421962936359,10898
3,3.252110019829889,9826
4,3.325442187771843,13595
5,3.3135843399282785,11814
6,3.334308714189458,13725
7,3.2856763730517033,12388
8,3.295485506061806,13450
9,3.3287267045541737,12318
10,3.276837944977154,11396
11,3.267622917697091,10198
12,3.304792414097984,11560
